numero_puntos,n_puntos_cupula,t_gift_wrapping,t_incremental,t_incremental_nosort,correcto_gw,correcto_inc,correcto_incns
100,10,6.099e-06,1.2966e-05,4.625e-06,1,1,1
100,20,1.083e-05,9.812e-06,4.154e-06,1,1,1
100,30,1.3617e-05,9.75e-06,4.65e-06,1,1,1
100,40,1.9255e-05,9.51e-06,4.635e-06,1,1,1
100,50,3.486e-05,9.557e-06,4.013e-06,1,1,1
100,60,2.7581e-05,9.957e-06,4.139e-06,1,1,1
100,70,2.9821e-05,9.472e-06,5.302e-06,1,1,1
100,80,3.2742e-05,8.591e-06,4.037e-06,1,1,1
100,90,3.6322e-05,7.897e-06,3.486e-06,1,1,1
100,100,4.0644e-05,7.433e-06,3.1e-06,1,1,1
200,10,9.052e-06,2.2305e-05,8.11e-06,1,1,1
200,20,1.6787e-05,1.9731e-05,8.027e-06,1,1,1
200,30,2.3161e-05,1.9111e-05,7.829e-06,1,1,1
200,40,3.1015e-05,1.8893e-05,7.884e-06,1,1,1
200,50,3.8138e-05,1.89e-05,7.712e-06,1,1,1
200,60,4.6927e-05,1.94e-05,7.724e-06,1,1,1
200,70,5.3805e-05,1.9051e-05,8.559e-06,1,1,1
200,80,6.0205e-05,1.8612e-05,8.094e-06,1,1,1
200,90,6.7377e-05,1.8539e-05,7.756e-06,1,1,1
200,100,7.392e-05,1.852e-05,8.899e-06,1,1,1
200,110,8.1663e-05,1.8527e-05,7.799e-06,1,1,1
200,120,8.8388e-05,1.7984e-05,7.557e-06,1,1,1
200,130,9.5744e-05,1.8078e-05,8.914e-06,1,1,1
200,140,0.000103757,1.8114e-05,7.279e-06,1,1,1
200,150,0.000110526,1.7101e-05,6.837e-06,1,1,1
200,160,0.000118138,1.6507e-05,6.989e-06,1,1,1
200,170,0.000124017,1.6735e-05,6.648e-06,1,1,1
200,180,0.0001326,1.5961e-05,6.355e-06,1,1,1
200,190,0.000138129,1.6289e-05,6.512e-06,1,1,1
200,200,0.000144639,1.7347e-05,6.138e-06,1,1,1
300,10,1.2476e-05,3.4365e-05,1.2515e-05,1,1,1
300,20,2.3598e-05,2.9768e-05,1.1862e-05,1,1,1
300,30,3.4645e-05,3.0232e-05,1.1719e-05,1,1,1
300,40,4.3884e-05,2.9972e-05,1.1836e-05,1,1,1
300,50,5.4872e-05,2.9352e-05,1.2447e-05,1,1,1
300,60,6.6193e-05,2.9202e-05,1.1604e-05,1,1,1
300,70,7.5794e-05,2.9908e-05,1.2104e-05,1,1,1
300,80,8.787e-05,3.0623e-05,1.2474e-05,1,1,1
300,90,9.8468e-05,3.078e-05,1.2423e-05,1,1,1
300,100,0.000106771,2.9551e-05,1.1853e-05,1,1,1
300,110,0.000119988,2.9879e-05,1.2035e-05,1,1,1
300,120,0.000129698,2.9218e-05,1.1743e-05,1,1,1
300,130,0.000137358,2.9337e-05,1.2209e-05,1,1,1
300,140,0.000150001,2.9219e-05,1.1835e-05,1,1,1
300,150,0.000159217,2.887e-05,1.132e-05,1,1,1
300,160,0.000169682,2.8226e-05,1.101e-05,1,1,1
300,170,0.000179376,2.8198e-05,1.1044e-05,1,1,1
300,180,0.000189838,2.7687e-05,1.0679e-05,1,1,1
300,190,0.000200289,2.7483e-05,1.1097e-05,1,1,1
300,200,0.000211626,2.7425e-05,1.1989e-05,1,1,1
300,210,0.000209081,2.6973e-05,1.0673e-05,1,1,1
300,220,0.000195637,2.6709e-05,9.911e-06,1,1,1
300,230,0.000220342,2.6149e-05,1.0014e-05,1,1,1
300,240,0.000214137,2.6264e-05,1.104e-05,1,1,1
300,250,0.000218695,2.5875e-05,9.816e-06,1,1,1
300,260,0.00022907,2.6476e-05,1.0361e-05,1,1,1
300,270,0.000237345,2.5579e-05,9.979e-06,1,1,1
300,280,0.000248236,2.513e-05,9.529e-06,1,1,1
300,290,0.000256005,2.4731e-05,9.149e-06,1,1,1
300,300,0.000263058,2.3818e-05,8.66e-06,1,1,1
400,10,1.5025e-05,4.2808e-05,1.7784e-05,1,1,1
400,20,2.6216e-05,3.995e-05,1.6516e-05,1,1,1
400,30,3.7925e-05,4.0784e-05,1.669e-05,1,1,1
400,40,4.9095e-05,4.1193e-05,1.7215e-05,1,1,1
400,50,5.9954e-05,3.9769e-05,1.6112e-05,1,1,1
400,60,7.1332e-05,4.0305e-05,1.6472e-05,1,1,1
400,70,8.3599e-05,4.0975e-05,1.6706e-05,1,1,1
400,80,9.4349e-05,4.0845e-05,1.6931e-05,1,1,1
400,90,0.000106311,4.0671e-05,1.6908e-05,1,1,1
400,100,0.000118435,4.098e-05,1.74e-05,1,1,1
400,110,0.000127994,4.0355e-05,1.6764e-05,1,1,1
400,120,0.000139946,4.0838e-05,1.7028e-05,1,1,1
400,130,0.000151396,4.1502e-05,1.6789e-05,1,1,1
400,140,0.000163097,3.9865e-05,1.5699e-05,1,1,1
400,150,0.000172798,3.9584e-05,1.5981e-05,1,1,1
400,160,0.00018549,3.9753e-05,1.5478e-05,1,1,1
400,170,0.000196686,3.8316e-05,1.5024e-05,1,1,1
400,180,0.000210437,3.9518e-05,1.5617e-05,1,1,1
400,190,0.000238903,4.5615e-05,1.5523e-05,1,1,1
400,200,0.000230333,3.9461e-05,1.5658e-05,1,1,1
400,210,0.000242695,3.9113e-05,1.5007e-05,1,1,1
400,220,0.000254033,3.8313e-05,1.4989e-05,1,1,1
400,230,0.000262742,3.925e-05,1.5103e-05,1,1,1
400,240,0.000277404,3.8887e-05,1.5088e-05,1,1,1
400,250,0.000288397,3.7983e-05,1.3997e-05,1,1,1
400,260,0.000299984,3.8366e-05,1.4727e-05,1,1,1
400,270,0.00031323,3.6889e-05,1.4404e-05,1,1,1
400,280,0.000322558,3.6838e-05,1.5574e-05,1,1,1
400,290,0.000332548,3.6869e-05,1.4302e-05,1,1,1
400,300,0.00034911,3.6409e-05,1.3442e-05,1,1,1
400,310,0.000489953,6.9062e-05,2.6524e-05,1,1,1
400,320,0.000718548,6.9428e-05,2.8902e-05,1,1,1
400,330,0.000745472,6.9437e-05,2.6369e-05,1,1,1
400,340,0.000765955,7.1612e-05,2.6264e-05,1,1,1
400,350,0.000804969,6.9274e-05,2.5201e-05,1,1,1
400,360,0.000811401,6.7914e-05,2.5193e-05,1,1,1
400,370,0.000842327,6.6564e-05,2.4038e-05,1,1,1
400,380,0.000865197,6.7449e-05,2.7225e-05,1,1,1
400,390,0.000893093,6.4713e-05,2.3745e-05,1,1,1
400,400,0.000917318,6.3756e-05,2.2375e-05,1,1,1
500,10,3.4401e-05,9.8532e-05,4.1371e-05,1,1,1
500,20,5.6985e-05,0.000104146,4.1333e-05,1,1,1
500,30,8.258e-05,0.000101011,4.1085e-05,1,1,1
500,40,0.000116125,0.000100363,4.0855e-05,1,1,1
500,50,0.000145313,0.000101313,4.1053e-05,1,1,1
500,60,0.000171161,9.982e-05,4.1556e-05,1,1,1
500,70,0.000202827,0.000102892,4.2079e-05,1,1,1
500,80,0.00023471,9.1561e-05,3.5828e-05,1,1,1
500,90,0.000222488,9.0511e-05,3.7166e-05,1,1,1
500,100,0.000251725,9.1686e-05,3.7671e-05,1,1,1
500,110,0.000275283,9.7451e-05,3.9196e-05,1,1,1
500,120,0.000302394,9.1712e-05,3.8953e-05,1,1,1
500,130,0.000346991,8.9798e-05,3.6148e-05,1,1,1
500,140,0.000350298,8.8852e-05,3.5553e-05,1,1,1
500,150,0.000366309,8.7832e-05,3.4036e-05,1,1,1
500,160,0.000402905,8.8295e-05,3.5197e-05,1,1,1
500,170,0.000420318,8.8764e-05,3.4678e-05,1,1,1
500,180,0.000450907,8.6007e-05,3.3562e-05,1,1,1
500,190,0.000464214,8.6673e-05,3.4166e-05,1,1,1
500,200,0.00045018,7.4935e-05,3.1175e-05,1,1,1
500,210,0.000449062,7.3982e-05,2.9239e-05,1,1,1
500,220,0.000508642,7.4606e-05,3.016e-05,1,1,1
500,230,0.000488718,7.3956e-05,2.9365e-05,1,1,1
500,240,0.000507712,7.386e-05,2.9196e-05,1,1,1
500,250,0.000522302,7.3488e-05,2.8281e-05,1,1,1
500,260,0.000548417,7.4915e-05,2.9475e-05,1,1,1
500,270,0.000564383,7.4067e-05,2.8991e-05,1,1,1
500,280,0.00063997,7.1648e-05,2.8962e-05,1,1,1
500,290,0.000609316,7.2371e-05,2.9114e-05,1,1,1
500,300,0.000546828,5.7666e-05,2.2853e-05,1,1,1
500,310,0.000526832,5.7457e-05,2.222e-05,1,1,1
500,320,0.000543881,5.7603e-05,2.2434e-05,1,1,1
500,330,0.000558143,5.7495e-05,2.2422e-05,1,1,1
500,340,0.000576861,5.628e-05,2.1984e-05,1,1,1
500,350,0.000595836,5.7243e-05,2.2229e-05,1,1,1
500,360,0.000629663,6.194e-05,2.1271e-05,1,1,1
500,370,0.000687784,5.703e-05,2.312e-05,1,1,1
500,380,0.000643312,5.5705e-05,2.1448e-05,1,1,1
500,390,0.000610179,4.7005e-05,2.0359e-05,1,1,1
500,400,0.000570849,4.6479e-05,1.7577e-05,1,1,1
500,410,0.000581003,4.6155e-05,1.7006e-05,1,1,1
500,420,0.00060017,4.5506e-05,1.8248e-05,1,1,1
500,430,0.000607657,4.4813e-05,1.6687e-05,1,1,1
500,440,0.000621866,4.44e-05,1.6396e-05,1,1,1
500,450,0.000638544,4.6043e-05,1.6781e-05,1,1,1
500,460,0.000655319,4.4912e-05,1.6392e-05,1,1,1
500,470,0.000669967,4.3355e-05,1.5587e-05,1,1,1
500,480,0.00068432,4.2873e-05,1.5388e-05,1,1,1
500,490,0.000762839,4.264e-05,1.5074e-05,1,1,1
500,500,0.000716621,4.2273e-05,1.591e-05,1,1,1
600,10,2.2297e-05,6.5669e-05,2.8129e-05,1,1,1
600,20,3.7295e-05,6.4436e-05,2.5966e-05,1,1,1
600,30,5.4361e-05,6.4385e-05,2.6653e-05,1,1,1
600,40,7.0933e-05,6.3767e-05,2.6204e-05,1,1,1
600,50,8.671e-05,6.4193e-05,2.5847e-05,1,1,1
600,60,0.000106116,6.3119e-05,2.5361e-05,1,1,1
600,70,0.000121809,6.2733e-05,2.639e-05,1,1,1
600,80,0.00014028,6.4169e-05,2.675e-05,1,1,1
600,90,0.000169262,6.5108e-05,2.6756e-05,1,1,1
600,100,0.000174389,6.5231e-05,2.8001e-05,1,1,1
600,110,0.000190279,6.5464e-05,2.7713e-05,1,1,1
600,120,0.000226172,6.5356e-05,2.723e-05,1,1,1
600,130,0.000223055,6.468e-05,2.7233e-05,1,1,1
600,140,0.00026388,6.2184e-05,2.5413e-05,1,1,1
600,150,0.000256555,6.3721e-05,2.6558e-05,1,1,1
600,160,0.000299544,6.2498e-05,2.499e-05,1,1,1
600,170,0.000290614,0.000157816,3.6429e-05,1,1,1
600,180,0.000338862,6.1567e-05,2.5048e-05,1,1,1
600,190,0.000326027,6.3127e-05,2.5802e-05,1,1,1
600,200,0.000348696,6.3199e-05,2.5227e-05,1,1,1
600,210,0.000355819,6.294e-05,2.5496e-05,1,1,1
600,220,0.000374426,6.1456e-05,2.5226e-05,1,1,1
600,230,0.000386415,6.2034e-05,2.5452e-05,1,1,1
600,240,0.000405514,6.2082e-05,2.5219e-05,1,1,1
600,250,0.000464443,6.1198e-05,2.4559e-05,1,1,1
600,260,0.000485376,6.0875e-05,2.3733e-05,1,1,1
600,270,0.000459623,6.1138e-05,2.3665e-05,1,1,1
600,280,0.000518443,6.072e-05,2.3664e-05,1,1,1
600,290,0.000491716,6.0548e-05,2.3472e-05,1,1,1
600,300,0.000512005,6.0503e-05,2.385e-05,1,1,1
600,310,0.000524329,5.9569e-05,2.3364e-05,1,1,1
600,320,0.000593295,5.9487e-05,2.3876e-05,1,1,1
600,330,0.000554524,5.8952e-05,2.3482e-05,1,1,1
600,340,0.000574044,5.9304e-05,2.308e-05,1,1,1
600,350,0.000595365,5.9781e-05,2.4138e-05,1,1,1
600,360,0.000604765,5.8559e-05,2.2249e-05,1,1,1
600,370,0.000627771,6.2081e-05,2.2589e-05,1,1,1
600,380,0.000646673,5.8609e-05,2.3233e-05,1,1,1
600,390,0.000662148,5.9387e-05,2.2735e-05,1,1,1
600,400,0.000679505,5.7934e-05,2.213e-05,1,1,1
600,410,0.000764735,5.7712e-05,2.166e-05,1,1,1
600,420,0.000717214,5.8565e-05,2.2152e-05,1,1,1
600,430,0.000743613,5.6548e-05,2.1633e-05,1,1,1
600,440,0.00082014,5.6371e-05,2.0844e-05,1,1,1
600,450,0.000776967,5.6136e-05,2.1634e-05,1,1,1
600,460,0.000797674,5.755e-05,2.2147e-05,1,1,1
600,470,0.00081805,5.6008e-05,2.1268e-05,1,1,1
600,480,0.000844083,5.5611e-05,2.0733e-05,1,1,1
600,490,0.00085201,5.6461e-05,2.0837e-05,1,1,1
600,500,0.000870306,5.529e-05,2.0796e-05,1,1,1
600,510,0.000897022,5.4642e-05,2.052e-05,1,1,1
600,520,0.000904901,5.5933e-05,2.0258e-05,1,1,1
600,530,0.000927567,5.5864e-05,2.0528e-05,1,1,1
600,540,0.00100025,5.3707e-05,1.9685e-05,1,1,1
600,550,0.000966631,5.468e-05,2.0939e-05,1,1,1
600,560,0.000987497,5.4685e-05,1.8894e-05,1,1,1
600,570,0.00100452,5.2911e-05,1.8531e-05,1,1,1
600,580,0.00108314,5.5778e-05,1.8593e-05,1,1,1
600,590,0.00104398,5.2043e-05,2.044e-05,1,1,1
600,600,0.00105997,5.1045e-05,1.7507e-05,1,1,1
700,10,2.6345e-05,7.6511e-05,3.1053e-05,1,1,1
700,20,4.3295e-05,7.6617e-05,3.1992e-05,1,1,1
700,30,6.2008e-05,7.3868e-05,2.965e-05,1,1,1
700,40,8.1415e-05,7.3851e-05,2.9396e-05,1,1,1
700,50,0.000101361,7.4831e-05,3.0446e-05,1,1,1
700,60,0.000123156,7.5501e-05,3.0775e-05,1,1,1
700,70,0.000142427,7.4914e-05,3.0587e-05,1,1,1
700,80,0.000165673,7.536e-05,3.1414e-05,1,1,1
700,90,0.000181393,7.5532e-05,3.113e-05,1,1,1
700,100,0.000197043,7.7344e-05,3.3716e-05,1,1,1
700,110,0.000219901,7.8888e-05,3.2924e-05,1,1,1
700,120,0.00026187,7.6824e-05,3.1432e-05,1,1,1
700,130,0.000254934,7.5239e-05,3.1097e-05,1,1,1
700,140,0.000279241,7.5756e-05,3.138e-05,1,1,1
700,150,0.00029859,7.6866e-05,2.9868e-05,1,1,1
700,160,0.000347629,7.3563e-05,3.0361e-05,1,1,1
700,170,0.0003369,7.5496e-05,3.0217e-05,1,1,1
700,180,0.00035943,7.497e-05,2.9639e-05,1,1,1
700,190,0.000370911,7.465e-05,2.8486e-05,1,1,1
700,200,0.000394419,7.2537e-05,2.8886e-05,1,1,1
700,210,0.000415236,7.7303e-05,3.0458e-05,1,1,1
700,220,0.000431763,7.2914e-05,2.8815e-05,1,1,1
700,230,0.000449348,7.2884e-05,2.9104e-05,1,1,1
700,240,0.00047322,7.2653e-05,2.8073e-05,1,1,1
700,250,0.000490057,7.3706e-05,2.9268e-05,1,1,1
700,260,0.000514302,7.3732e-05,2.9088e-05,1,1,1
700,270,0.000535332,7.2631e-05,2.8922e-05,1,1,1
700,280,0.00055347,7.1953e-05,2.917e-05,1,1,1
700,290,0.000571691,7.3446e-05,2.9153e-05,1,1,1
700,300,0.000643515,7.2649e-05,2.8671e-05,1,1,1
700,310,0.000606889,7.1529e-05,2.7709e-05,1,1,1
700,320,0.000692146,7.1645e-05,2.7953e-05,1,1,1
700,330,0.000714763,7.4148e-05,2.8462e-05,1,1,1
700,340,0.000677792,7.3265e-05,2.8978e-05,1,1,1
700,350,0.000751649,7.1362e-05,2.8089e-05,1,1,1
700,360,0.000714377,7.1202e-05,2.8139e-05,1,1,1
700,370,0.000737017,7.067e-05,2.8146e-05,1,1,1
700,380,0.000759161,7.059e-05,2.6634e-05,1,1,1
700,390,0.000777876,7.0879e-05,2.7497e-05,1,1,1
700,400,0.00086985,7.1358e-05,2.724e-05,1,1,1
700,410,0.000825051,7.1359e-05,2.7274e-05,1,1,1
700,420,0.000850452,7.077e-05,2.7001e-05,1,1,1
700,430,0.00086989,6.8987e-05,2.6444e-05,1,1,1
700,440,0.00088814,6.9754e-05,2.6066e-05,1,1,1
700,450,0.000916662,6.8485e-05,2.6319e-05,1,1,1
700,460,0.000937941,6.9598e-05,2.7097e-05,1,1,1
700,470,0.000958328,6.8725e-05,2.5892e-05,1,1,1
700,480,0.000979674,6.6984e-05,2.5204e-05,1,1,1
700,490,0.000999568,6.809e-05,2.6012e-05,1,1,1
700,500,0.00102118,6.8072e-05,2.5423e-05,1,1,1
700,510,0.00104482,6.7413e-05,2.5023e-05,1,1,1
700,520,0.00107293,6.7571e-05,2.5229e-05,1,1,1
700,530,0.00109162,6.777e-05,2.5278e-05,1,1,1
700,540,0.00110917,6.7339e-05,2.47e-05,1,1,1
700,550,0.00113265,6.6011e-05,2.4704e-05,1,1,1
700,560,0.00115337,6.5684e-05,2.4316e-05,1,1,1
700,570,0.00117453,6.5071e-05,2.381e-05,1,1,1
700,580,0.00120001,6.6522e-05,2.4763e-05,1,1,1
700,590,0.00122368,6.6035e-05,2.4381e-05,1,1,1
700,600,0.00124142,6.4626e-05,2.324e-05,1,1,1
700,610,0.00127618,6.475e-05,2.3732e-05,1,1,1
700,620,0.00128599,6.4508e-05,2.3097e-05,1,1,1
700,630,0.00131086,6.3596e-05,2.3254e-05,1,1,1
700,640,0.00132733,6.465e-05,2.2825e-05,1,1,1
700,650,0.00135428,6.3237e-05,2.4452e-05,1,1,1
700,660,0.00136838,6.3369e-05,2.2087e-05,1,1,1
700,670,0.00139518,6.2441e-05,2.1602e-05,1,1,1
700,680,0.00141421,6.1908e-05,2.1172e-05,1,1,1
700,690,0.00144401,6.2475e-05,2.1173e-05,1,1,1
700,700,0.00146012,6.1105e-05,2.0802e-05,1,1,1
800,10,2.9272e-05,9.3189e-05,9.0932e-05,1,1,1
800,20,4.9182e-05,8.5777e-05,3.498e-05,1,1,1
800,30,7.2353e-05,8.7238e-05,3.494e-05,1,1,1
800,40,9.3356e-05,8.5943e-05,3.4019e-05,1,1,1
800,50,0.00011447,8.7206e-05,3.5497e-05,1,1,1
800,60,0.000139087,8.7762e-05,3.5773e-05,1,1,1
800,70,0.000158625,8.9284e-05,3.6216e-05,1,1,1
800,80,0.000183099,8.888e-05,3.5941e-05,1,1,1
800,90,0.000204582,8.8779e-05,3.6447e-05,1,1,1
800,100,0.000240995,8.793e-05,3.675e-05,1,1,1
800,110,0.000246029,9.2143e-05,3.9371e-05,1,1,1
800,120,0.000270251,8.9085e-05,3.7199e-05,1,1,1
800,130,0.000289945,8.9677e-05,3.9421e-05,1,1,1
800,140,0.000346149,8.7313e-05,3.6485e-05,1,1,1
800,150,0.000337469,8.7038e-05,3.4401e-05,1,1,1
800,160,0.000393876,8.6556e-05,3.5415e-05,1,1,1
800,170,0.000381214,8.6025e-05,3.4695e-05,1,1,1
800,180,0.00040556,8.7444e-05,3.5685e-05,1,1,1
800,190,0.000425416,8.5236e-05,3.5481e-05,1,1,1
800,200,0.000443804,8.6082e-05,3.518e-05,1,1,1
800,210,0.000471919,8.5169e-05,3.4721e-05,1,1,1
800,220,0.000486194,8.5216e-05,3.4815e-05,1,1,1
800,230,0.00051158,8.6282e-05,3.5204e-05,1,1,1
800,240,0.00053221,8.592e-05,3.4327e-05,1,1,1
800,250,0.000611901,9.4484e-05,3.4523e-05,1,1,1
800,260,0.000579783,8.5233e-05,3.4757e-05,1,1,1
800,270,0.000661656,8.5463e-05,3.4703e-05,1,1,1
800,280,0.000622167,8.5251e-05,3.4794e-05,1,1,1
800,290,0.000650455,8.4431e-05,3.3666e-05,1,1,1
800,300,0.000679743,8.4372e-05,3.2385e-05,1,1,1
800,310,0.00070219,8.2505e-05,3.2772e-05,1,1,1
800,320,0.000728369,8.4632e-05,3.3816e-05,1,1,1
800,330,0.000810229,8.345e-05,3.3026e-05,1,1,1
800,340,0.000773927,8.3541e-05,3.3824e-05,1,1,1
800,350,0.000797741,8.453e-05,3.3047e-05,1,1,1
800,360,0.000890419,8.376e-05,3.3321e-05,1,1,1
800,370,0.00084629,8.2162e-05,3.2538e-05,1,1,1
800,380,0.000941802,8.3509e-05,3.3225e-05,1,1,1
800,390,0.00089208,8.4057e-05,3.3357e-05,1,1,1
800,400,0.000923028,8.3006e-05,3.3063e-05,1,1,1
800,410,0.000946544,8.2131e-05,3.2438e-05,1,1,1
800,420,0.000977753,8.1733e-05,3.2223e-05,1,1,1
800,430,0.000993521,8.1625e-05,3.1637e-05,1,1,1
800,440,0.00102178,8.0346e-05,3.1265e-05,1,1,1
800,450,0.00104749,8.1688e-05,3.2274e-05,1,1,1
800,460,0.00107094,8.0996e-05,3.2369e-05,1,1,1
800,470,0.00109512,8.079e-05,3.1031e-05,1,1,1
800,480,0.00118917,8.0385e-05,3.1804e-05,1,1,1
800,490,0.00115149,8.0422e-05,3.1364e-05,1,1,1
800,500,0.00117589,7.919e-05,3.0724e-05,1,1,1
800,510,0.00120155,8.0395e-05,3.1075e-05,1,1,1
800,520,0.00121902,8.0312e-05,3.0865e-05,1,1,1
800,530,0.00125503,7.9802e-05,3.073e-05,1,1,1
800,540,0.00127272,7.889e-05,3.0053e-05,1,1,1
800,550,0.00136044,7.8121e-05,2.955e-05,1,1,1
800,560,0.00139304,7.839e-05,2.95e-05,1,1,1
800,570,0.0013518,7.9479e-05,3.0296e-05,1,1,1
800,580,0.00137427,7.9226e-05,3.0198e-05,1,1,1
800,590,0.00139512,7.8925e-05,2.9423e-05,1,1,1
800,600,0.00142388,7.9404e-05,2.917e-05,1,1,1
800,610,0.00145035,7.8127e-05,2.8405e-05,1,1,1
800,620,0.00146994,7.7478e-05,2.8345e-05,1,1,1
800,630,0.00149803,7.7555e-05,2.8503e-05,1,1,1
800,640,0.00158924,7.7159e-05,2.8504e-05,1,1,1
800,650,0.00154617,7.6015e-05,2.7708e-05,1,1,1
800,660,0.00163971,7.7009e-05,2.7238e-05,1,1,1
800,670,0.00165983,7.6001e-05,2.6901e-05,1,1,1
800,680,0.00161932,7.5963e-05,2.7424e-05,1,1,1
800,690,0.00165231,7.4948e-05,2.6875e-05,1,1,1
800,700,0.00167165,7.4723e-05,2.6955e-05,1,1,1
800,710,0.00171217,7.4679e-05,2.8537e-05,1,1,1
800,720,0.00172149,7.4148e-05,2.6251e-05,1,1,1
800,730,0.00174307,7.3284e-05,2.6111e-05,1,1,1
800,740,0.00177401,7.3455e-05,2.5308e-05,1,1,1
800,750,0.00179527,7.3596e-05,2.5006e-05,1,1,1
800,760,0.00182034,7.1942e-05,2.4797e-05,1,1,1
800,770,0.00184617,7.4317e-05,2.9799e-05,1,1,1
800,780,0.00187544,7.1793e-05,2.4577e-05,1,1,1
800,790,0.0019659,7.2078e-05,2.4126e-05,1,1,1
800,800,0.00191836,7.0934e-05,2.3326e-05,1,1,1
900,10,3.3204e-05,0.00010162,4.1511e-05,1,1,1
900,20,5.4195e-05,9.934e-05,4.0655e-05,1,1,1
900,30,7.8587e-05,9.7601e-05,3.9642e-05,1,1,1
900,40,0.000105615,9.8449e-05,4.1421e-05,1,1,1
900,50,0.000130785,0.000100415,4.0432e-05,1,1,1
900,60,0.000158559,9.6605e-05,3.9609e-05,1,1,1
900,70,0.000179343,0.000100205,4.1038e-05,1,1,1
900,80,0.000203395,0.000100038,4.057e-05,1,1,1
900,90,0.000227366,9.8532e-05,4.2451e-05,1,1,1
900,100,0.000257472,0.000100363,4.353e-05,1,1,1
900,110,0.000281008,0.000101718,4.3817e-05,1,1,1
900,120,0.000299549,0.000101689,4.2156e-05,1,1,1
900,130,0.00033109,0.000100832,4.1087e-05,1,1,1
900,140,0.00035438,0.000100105,4.1174e-05,1,1,1
900,150,0.000375055,0.000100229,4.1449e-05,1,1,1
900,160,0.000406413,9.8849e-05,3.9691e-05,1,1,1
900,170,0.000563765,9.7979e-05,4.0226e-05,1,1,1
900,180,0.000445072,9.8297e-05,3.9915e-05,1,1,1
900,190,0.000474688,9.7159e-05,3.9506e-05,1,1,1
900,200,0.000498501,9.8145e-05,4.0045e-05,1,1,1
900,210,0.000531448,9.685e-05,3.9543e-05,1,1,1
900,220,0.00054809,9.5861e-05,3.9267e-05,1,1,1
900,230,0.000570447,9.9566e-05,4.0655e-05,1,1,1
900,240,0.000596487,9.6502e-05,3.9745e-05,1,1,1
900,250,0.000627487,9.7704e-05,3.8832e-05,1,1,1
900,260,0.000655867,9.7701e-05,3.9553e-05,1,1,1
900,270,0.00067887,9.7752e-05,3.8173e-05,1,1,1
900,280,0.000711072,9.5522e-05,3.9485e-05,1,1,1
900,290,0.000740895,9.4844e-05,3.8323e-05,1,1,1
900,300,0.000766774,9.369e-05,3.7465e-05,1,1,1
900,310,0.000867414,9.5409e-05,3.8639e-05,1,1,1
900,320,0.000822752,9.4891e-05,3.7902e-05,1,1,1
900,330,0.000847447,9.7121e-05,3.8782e-05,1,1,1
900,340,0.000874546,9.5218e-05,3.8116e-05,1,1,1
900,350,0.000906112,9.5648e-05,3.8144e-05,1,1,1
900,360,0.000939047,9.4475e-05,3.823e-05,1,1,1
900,370,0.000954741,9.4482e-05,3.7817e-05,1,1,1
900,380,0.000987144,9.6182e-05,3.8076e-05,1,1,1
900,390,0.00102358,9.6522e-05,3.9683e-05,1,1,1
900,400,0.00110867,9.4008e-05,3.7006e-05,1,1,1
900,410,0.00107369,9.4578e-05,3.6874e-05,1,1,1
900,420,0.00110481,9.3514e-05,3.6825e-05,1,1,1
900,430,0.00112568,9.4411e-05,3.7332e-05,1,1,1
900,440,0.00115198,9.3519e-05,3.6213e-05,1,1,1
900,450,0.0011905,9.3457e-05,3.6641e-05,1,1,1
900,460,0.00121027,9.282e-05,3.5851e-05,1,1,1
900,470,0.00130735,9.1334e-05,3.6308e-05,1,1,1
900,480,0.00127119,9.3698e-05,3.6893e-05,1,1,1
900,490,0.00129645,9.2597e-05,3.5258e-05,1,1,1
900,500,0.00132289,9.1855e-05,3.592e-05,1,1,1
900,510,0.00134781,9.2603e-05,3.6339e-05,1,1,1
900,520,0.00138423,9.2098e-05,3.5504e-05,1,1,1
900,530,0.00140981,9.1414e-05,3.5052e-05,1,1,1
900,540,0.00150506,9.2787e-05,3.5794e-05,1,1,1
900,550,0.0014655,9.0506e-05,3.5278e-05,1,1,1
900,560,0.00148673,9.1032e-05,3.4813e-05,1,1,1
900,570,0.00152179,8.9758e-05,3.8706e-05,1,1,1
900,580,0.00154709,9.0697e-05,3.5141e-05,1,1,1
900,590,0.00157406,9.097e-05,3.4286e-05,1,1,1
900,600,0.00160716,9.0223e-05,3.4174e-05,1,1,1
900,610,0.00163483,8.969e-05,3.4224e-05,1,1,1
900,620,0.00166115,9.0694e-05,3.4192e-05,1,1,1
900,630,0.00169222,9.0946e-05,3.4323e-05,1,1,1
900,640,0.00171905,9.0715e-05,3.4453e-05,1,1,1
900,650,0.00173597,8.821e-05,3.3755e-05,1,1,1
900,660,0.00177007,8.8569e-05,3.3364e-05,1,1,1
900,670,0.00180032,8.939e-05,3.3171e-05,1,1,1
900,680,0.00183372,8.8333e-05,3.2593e-05,1,1,1
900,690,0.00185584,8.7597e-05,3.1854e-05,1,1,1
900,700,0.00195193,8.7773e-05,3.2723e-05,1,1,1
900,710,0.00191547,8.9873e-05,3.264e-05,1,1,1
900,720,0.00194107,8.8225e-05,3.2549e-05,1,1,1
900,730,0.00197757,8.6978e-05,3.2554e-05,1,1,1
900,740,0.00200091,8.6737e-05,3.1312e-05,1,1,1
900,750,0.00202919,8.5285e-05,3.095e-05,1,1,1
900,760,0.00204766,8.6452e-05,3.0794e-05,1,1,1
900,770,0.00208339,8.733e-05,3.1617e-05,1,1,1
900,780,0.00210246,8.4857e-05,3.2601e-05,1,1,1
900,790,0.00213203,8.5813e-05,3.0408e-05,1,1,1
900,800,0.00223065,8.3898e-05,3.2843e-05,1,1,1
900,810,0.00219078,8.4131e-05,2.9875e-05,1,1,1
900,820,0.00222356,8.3883e-05,2.912e-05,1,1,1
900,830,0.00241345,8.3674e-05,2.9223e-05,1,1,1
900,840,0.00227411,8.359e-05,2.8899e-05,1,1,1
900,850,0.00230557,8.3731e-05,2.8289e-05,1,1,1
900,860,0.00233048,8.35e-05,2.8112e-05,1,1,1
900,870,0.00235826,8.2307e-05,2.9449e-05,1,1,1
900,880,0.00238679,8.2338e-05,2.7294e-05,1,1,1
900,890,0.00241115,8.2196e-05,2.6874e-05,1,1,1
900,900,0.00244308,8.0701e-05,2.6766e-05,1,1,1
1000,10,3.638e-05,0.000112546,4.4843e-05,1,1,1
1000,20,6.5821e-05,0.000110064,4.5232e-05,1,1,1
1000,30,8.728e-05,0.000110284,4.3968e-05,1,1,1
1000,40,0.0001285,0.00010997,4.4925e-05,1,1,1
1000,50,0.00014383,0.000112275,4.4938e-05,1,1,1
1000,60,0.000172979,0.000108808,4.2922e-05,1,1,1
1000,70,0.000197542,0.000109586,4.5112e-05,1,1,1
1000,80,0.000228491,0.000113429,4.6664e-05,1,1,1
1000,90,0.000251128,0.000112655,4.7217e-05,1,1,1
1000,100,0.000309039,0.000113278,4.7297e-05,1,1,1
1000,110,0.000306636,0.000113494,4.8373e-05,1,1,1
1000,120,0.000367867,0.000112205,4.7772e-05,1,1,1
1000,130,0.000358929,0.000109878,4.6396e-05,1,1,1
1000,140,0.000389558,0.000112866,4.5507e-05,1,1,1
1000,150,0.000418383,0.000110113,4.4819e-05,1,1,1
1000,160,0.000445509,0.000112764,4.5844e-05,1,1,1
1000,170,0.000475656,0.000110642,4.463e-05,1,1,1
1000,180,0.000503983,0.000110378,4.4019e-05,1,1,1
1000,190,0.00052721,0.000111293,4.5936e-05,1,1,1
1000,200,0.000609934,0.00010995,4.5796e-05,1,1,1
1000,210,0.00058408,0.000110084,4.5393e-05,1,1,1
1000,220,0.000607039,0.000107853,4.3057e-05,1,1,1
1000,230,0.000687121,0.000109011,4.4741e-05,1,1,1
1000,240,0.000675535,0.000110412,4.4951e-05,1,1,1
1000,250,0.000703812,0.0001091,4.4425e-05,1,1,1
1000,260,0.000743859,0.000109031,4.5053e-05,1,1,1
1000,270,0.000768844,0.000109143,4.4431e-05,1,1,1
1000,280,0.00079713,0.000107443,4.3951e-05,1,1,1
1000,290,0.000898099,0.00011013,4.5348e-05,1,1,1
1000,300,0.000864248,0.000108066,4.3256e-05,1,1,1
1000,310,0.000899706,0.000108158,4.2953e-05,1,1,1
1000,320,0.00092542,0.000110375,4.2929e-05,1,1,1
1000,330,0.000954749,0.000108066,4.4412e-05,1,1,1
1000,340,0.000990089,0.00011147,4.414e-05,1,1,1
1000,350,0.00101423,0.000108605,4.2453e-05,1,1,1
1000,360,0.00104701,0.000108151,4.3448e-05,1,1,1
1000,370,0.00114608,0.000107281,4.3185e-05,1,1,1
1000,380,0.00111392,0.000105343,4.2743e-05,1,1,1
1000,390,0.00113998,0.000107982,4.3122e-05,1,1,1
1000,400,0.00117176,0.000106228,4.1897e-05,1,1,1
1000,410,0.00119594,0.000105365,4.1571e-05,1,1,1
1000,420,0.00124,0.000105902,4.2478e-05,1,1,1
1000,430,0.00126439,0.000105615,4.2245e-05,1,1,1
1000,440,0.00129239,0.000104857,4.1081e-05,1,1,1
1000,450,0.00132513,0.000104674,4.2007e-05,1,1,1
1000,460,0.00142233,0.000105872,4.197e-05,1,1,1
1000,470,0.00139247,0.000106279,4.0699e-05,1,1,1
1000,480,0.00141385,0.000104367,4.0618e-05,1,1,1
1000,490,0.00144771,0.000104286,4.1252e-05,1,1,1
1000,500,0.00148894,0.00010464,4.0474e-05,1,1,1
1000,510,0.00150983,0.000104483,4.031e-05,1,1,1
1000,520,0.00154203,0.000103721,4.1305e-05,1,1,1
1000,530,0.00157605,0.000104765,4.089e-05,1,1,1
1000,540,0.00160356,0.000105151,4.0273e-05,1,1,1
1000,550,0.00164555,0.000104146,4.028e-05,1,1,1
1000,560,0.00166336,0.000103879,4.0467e-05,1,1,1
1000,570,0.00169457,0.000101961,3.9733e-05,1,1,1
1000,580,0.00173357,0.000102571,4.0053e-05,1,1,1
1000,590,0.00175452,0.000105124,4.0259e-05,1,1,1
1000,600,0.00179121,0.000102542,3.8732e-05,1,1,1
1000,610,0.00181891,0.000101812,3.9325e-05,1,1,1
1000,620,0.00185637,0.000102701,3.8663e-05,1,1,1
1000,630,0.00188498,0.000103645,3.9322e-05,1,1,1
1000,640,0.00192009,0.000102353,3.9288e-05,1,1,1
1000,650,0.00194795,0.00010249,3.8489e-05,1,1,1
1000,660,0.0021465,0.000102629,3.8373e-05,1,1,1
1000,670,0.00201162,0.000105043,3.7777e-05,1,1,1
1000,680,0.00204465,0.000100248,3.8223e-05,1,1,1
1000,690,0.00207792,0.00010065,3.844e-05,1,1,1
1000,700,0.00217217,0.000100797,3.7864e-05,1,1,1
1000,710,0.00214164,0.000103449,3.7424e-05,1,1,1
1000,720,0.00217656,9.9311e-05,3.7096e-05,1,1,1
1000,730,0.0022006,9.9692e-05,3.6768e-05,1,1,1
1000,740,0.00222729,0.000100344,3.7304e-05,1,1,1
1000,750,0.0021693,9.8782e-05,3.6418e-05,1,1,1
1000,760,0.00229113,0.00010014,3.6787e-05,1,1,1
1000,770,0.00233147,9.9715e-05,3.6661e-05,1,1,1
1000,780,0.00235385,9.9818e-05,3.6195e-05,1,1,1
1000,790,0.002396,9.8947e-05,3.6356e-05,1,1,1
1000,800,0.00241348,9.8005e-05,3.6253e-05,1,1,1
1000,810,0.00244352,9.7287e-05,3.5232e-05,1,1,1
1000,820,0.00248088,9.8149e-05,3.4145e-05,1,1,1
1000,830,0.00250679,9.7587e-05,3.4815e-05,1,1,1
1000,840,0.00255585,9.7566e-05,3.4561e-05,1,1,1
1000,850,0.00263166,9.611e-05,3.3735e-05,1,1,1
1000,860,0.00260587,9.7372e-05,3.4568e-05,1,1,1
1000,870,0.00263343,9.7014e-05,3.3943e-05,1,1,1
1000,880,0.00273059,9.5133e-05,3.2936e-05,1,1,1
1000,890,0.0026921,9.6955e-05,3.3116e-05,1,1,1
1000,900,0.00280051,9.5604e-05,3.3418e-05,1,1,1
1000,910,0.0027586,9.5693e-05,3.2686e-05,1,1,1
1000,920,0.002791,9.4081e-05,3.2037e-05,1,1,1
1000,930,0.00289257,9.4119e-05,3.2947e-05,1,1,1
1000,940,0.00285421,9.427e-05,3.1794e-05,1,1,1
1000,950,0.00296284,9.2625e-05,3.137e-05,1,1,1
1000,960,0.00291894,9.2308e-05,3.0835e-05,1,1,1
1000,970,0.00294599,9.1822e-05,3.8452e-05,1,1,1
1000,980,0.00298344,9.2727e-05,2.9768e-05,1,1,1
1000,990,0.00301555,9.0195e-05,2.9243e-05,1,1,1
1000,1000,0.003041,9.0114e-05,2.8893e-05,1,1,1
